"Index","Id","Ok","TextLength","HtmlLength"
"1","285820","True","3136","370009"
"2","369209","True","3149","370002"
"3","444919","True","3264","371688"
"4","305700","True","2805","379638"
"5","393791","True","6834","390869"
"6","403786","True","3091","371642"
"7","385208","True","5120","384474"
"8","371954","True","3175","369991"
"9","374378","True","3820","382134"
"10","422270","True","3245","454398"
"11","375426","True","2703","379018"
"12","375428","True","2796","379118"
"13","445670","True","3345","382858"
"14","463743","True","3324","372145"
"15","449422","True","3396","458934"
"16","463081","True","2588","372990"
"17","253768","True","3244","380805"
"18","359827","True","3749","382133"
