course_id,client_id,client_name,source_file,enrollware_sessions_url,hovn_sessions_url,title_text
445670,878,910CPR,view-source_https___www.enrollware.com_admin_course-edit.aspx_ret=course-list.aspx&id=445670.html,https://coastalcprtraining.enrollware.com/schedule#ct445670,,HSI BLS and Adult First Aid | Blended Learning   <img src=
449422,878,910CPR,view-source_https___www.enrollware.com_admin_course-edit.aspx_ret=course-list.aspx&id=449422.html,https://coastalcprtraining.enrollware.com/schedule#ct449422,,HSI Pediatric First Aid | CPR AED â€” Blended Online + In-Person Skills <img src=
450672,878,910CPR,view-source_https___www.enrollware.com_admin_course-edit.aspx_ret=course-list.aspx&id=450672.html,https://coastalcprtraining.enrollware.com/schedule#ct450672,,HSI Adult CPR AED<img src=
209809,878,910CPR,view-source_https___www.enrollware.com_admin_course-edit.aspx_ret=course-list.aspx&id=209809.html,https://coastalcprtraining.enrollware.com/schedule#ct209809,,AHA - HeartsaverÂ® First Aid CPR AED - In-person â¤ï¸<img src=
209811,878,910CPR,view-source_https___www.enrollware.com_admin_course-edit.aspx_ret=course-list.aspx&id=209811.html,https://coastalcprtraining.enrollware.com/schedule#ct209811,,AHA - ACLS Provider - Online or Skills Session <img src=
209812,878,910CPR,view-source_https___www.enrollware.com_admin_course-edit.aspx_ret=course-list.aspx&id=209812.html,https://coastalcprtraining.enrollware.com/schedule#ct209812,,AHA - PALS Provider - Online or Skills Session - Initial or Renewal <img src=
209818,878,910CPR,view-source_https___www.enrollware.com_admin_course-edit.aspx_ret=course-list.aspx&id=209818.html,https://coastalcprtraining.enrollware.com/schedule#ct209818,,AHA - ACLS Provider Update - In-Person <img src=
210549,878,910CPR,view-source_https___www.enrollware.com_admin_course-edit.aspx_ret=course-list.aspx&id=210549.html,https://coastalcprtraining.enrollware.com/schedule#ct210549,,AHA - BLS Provider - Online Class with in-Person Skill Session - Initial or Renewal   <img src=
241108,878,910CPR,view-source_https___www.enrollware.com_admin_course-edit.aspx_ret=course-list.aspx&id=241108.html,https://coastalcprtraining.enrollware.com/schedule#ct241108,,AHA - ACLS Provider - In-person Initial  <img src=
248287,878,910CPR,view-source_https___www.enrollware.com_admin_course-edit.aspx_ret=course-list.aspx&id=248287.html,https://coastalcprtraining.enrollware.com/schedule#ct248287,,ARC - BLS - Blended Learning Online - Initial or Renewal   <img src=
248288,878,910CPR,view-source_https___www.enrollware.com_admin_course-edit.aspx_ret=course-list.aspx&id=248288.html,https://coastalcprtraining.enrollware.com/schedule#ct248288,,ARC - BLS - In-Person Classroom   <img src=
251496,878,910CPR,view-source_https___www.enrollware.com_admin_course-edit.aspx_ret=course-list.aspx&id=251496.html,https://coastalcprtraining.enrollware.com/schedule#ct251496,,AHA - PALS Provider - In Person - Renewal<img src=
251545,878,910CPR,view-source_https___www.enrollware.com_admin_course-edit.aspx_ret=course-list.aspx&id=251545.html,https://coastalcprtraining.enrollware.com/schedule#ct251545,,AHA - HeartsaverÂ® Pediatric First Aid / CPR / AED Online + In-Person Skills <img src=
252737,878,910CPR,view-source_https___www.enrollware.com_admin_course-edit.aspx_ret=course-list.aspx&id=252737.html,https://coastalcprtraining.enrollware.com/schedule#ct252737,,AHA - Family & FriendsÂ® CPR <img src=
253588,878,910CPR,view-source_https___www.enrollware.com_admin_course-edit.aspx_ret=course-list.aspx&id=253588.html,https://coastalcprtraining.enrollware.com/schedule#ct253588,,AHA - BLS - Become an American Heart Association Instructor <img src=
286954,878,910CPR,view-source_https___www.enrollware.com_admin_course-edit.aspx_ret=course-list.aspx&id=286954.html,https://coastalcprtraining.enrollware.com/schedule#ct286954,,AHA - ACLS - Become an American Heart Association Instructor   <img src=
344085,878,910CPR,view-source_https___www.enrollware.com_admin_course-edit.aspx_ret=course-list.aspx&id=344085.html,https://coastalcprtraining.enrollware.com/schedule#ct344085,,AHA - HeartsaverÂ® CPR AED (No First Aid)- In-person <img src=
351632,878,910CPR,view-source_https___www.enrollware.com_admin_course-edit.aspx_ret=course-list.aspx&id=351632.html,https://coastalcprtraining.enrollware.com/schedule#ct351632,,AHA - HeartsaverÂ® Pediatric First Aid / CPR / AED In-person <img src=
359474,878,910CPR,view-source_https___www.enrollware.com_admin_course-edit.aspx_ret=course-list.aspx&id=359474.html,https://coastalcprtraining.enrollware.com/schedule#ct359474,,AHA - BLS Provider - In-person Renewal   <img src=
371954,878,910CPR,view-source_https___www.enrollware.com_admin_course-edit.aspx_ret=course-list.aspx&id=371954.html,https://coastalcprtraining.enrollware.com/schedule#ct371954,,HSI Adult First Aid | Adult/Child/Infant CPR AED | Blended Learning   <img src=
374072,878,910CPR,view-source_https___www.enrollware.com_admin_course-edit.aspx_ret=course-list.aspx&id=374072.html,https://coastalcprtraining.enrollware.com/schedule#ct374072,,AHA - PALS - Become an American Heart Association Instructor  <img src=
374378,878,910CPR,view-source_https___www.enrollware.com_admin_course-edit.aspx_ret=course-list.aspx&id=374378.html,https://coastalcprtraining.enrollware.com/schedule#ct374378,,HSI Adult First Aid | Adult/Child/Infant CPR AED<img src=
419448,878,910CPR,view-source_https___www.enrollware.com_admin_course-edit.aspx_ret=course-list.aspx&id=419448.html,https://coastalcprtraining.enrollware.com/schedule#ct419448,,AHA - ASLS Provider Online<img src=
422270,878,910CPR,view-source_https___www.enrollware.com_admin_course-edit.aspx_ret=course-list.aspx&id=422270.html,https://coastalcprtraining.enrollware.com/schedule#ct422270,,HSI Adult First Aid | CPR AED<img src=
437967,878,910CPR,view-source_https___www.enrollware.com_admin_course-edit.aspx_ret=course-list.aspx&id=437967.html,https://coastalcprtraining.enrollware.com/schedule#ct437967,,ARC - Adult First Aid / CPR / AED Blended Learning <img src=
438234,878,910CPR,view-source_https___www.enrollware.com_admin_course-edit.aspx_ret=course-list.aspx&id=438234.html,https://coastalcprtraining.enrollware.com/schedule#ct438234,,"AHA - BLS, ACLS & PALS - Become an American Heart Association Instructor <img src="
444919,878,910CPR,view-source_https___www.enrollware.com_admin_course-edit.aspx_ret=course-list.aspx&id=444919.html,https://coastalcprtraining.enrollware.com/schedule#ct444919,,ARC BLS Challenge - Renewal for experienced Providers ðŸš¨  <img src=
